url;article;h1;title;meta_description;target_cluster
https://sklad-shop-production.up.railway.app/product/avtoruchka-v-futlyare-krasnoe-derevo-140812;140812;Авторучка в футляре из красного дерева;Ручка в футляре из красного дерева — купить | СкладПромо;Подарочная ручка в футляре из красного дерева. Арт. 140812. В наличии на складе: 104 шт. Цена 573 ₽. Опт — по запросу.;ручка в футляре
https://sklad-shop-production.up.railway.app/product/brelok-metall-kruglyy-4-kolechka-d-220223;220223;Металлический брелок для ключей с 4 кольцами и карабином;Брелок для ключей с 4 кольцами — купить | СкладПромо;Металлический брелок для ключей с 4 кольцами и карабином. Арт. 220223. В наличии: 26 шт. Цена 315 ₽. Опт — по запросу.;брелок для ключей
https://sklad-shop-production.up.railway.app/product/brelok-zerkalo-metall-pryamougolnyy-v-met-220323;220323;Металлический брелок-зеркало в футляре;Брелок-зеркало в металлическом футляре — купить | СкладПромо;Прямоугольный металлический брелок-зеркало в футляре. Арт. 220323. В наличии на складе: 133 шт. Цена 309 ₽. Опт — по запросу.;брелок для ключей
https://sklad-shop-production.up.railway.app/product/brelok-metall-dva-klyucha-220423;220423;Металлический брелок «Два ключа»;Брелок «Два ключа» металлический — купить | СкладПромо;Металлический брелок для ключей «Два ключа». Арт. 220423. В наличии: 9 шт. Цена 111 ₽. Опт — по запросу.;брелок для ключей
https://sklad-shop-production.up.railway.app/product/brelok-metallicheskiy-s-nozhikom-i-otkryvashkoy-230223;230223;Металлический брелок с ножиком и открывалкой;Брелок-открывалка с ножом — купить | СкладПромо;Металлический брелок с ножиком и открывалкой для бутылок. Арт. 230223. В наличии: 62 шт. Цена 60 ₽. Опт — по запросу.;брелок открывалка
https://sklad-shop-production.up.railway.app/product/brelok-otkryvalka-tvist-plastik-belyy-led-230352;230352;Пластиковый брелок-открывалка «Твист»;Брелок-открывалка «Твист» — купить | СкладПромо;Пластиковый брелок-открывалка «Твист» белого цвета. Арт. 230352. В наличии: 69 шт. Цена 153 ₽. Опт — по запросу.;брелок открывалка
https://sklad-shop-production.up.railway.app/product/brelok-kompas-v-vide-probki-240302;240302;Брелок «Компас» в виде пробки;Брелок «Компас» в виде пробки — купить | СкладПромо;Брелок «Компас» в виде пробки. Арт. 240302. В наличии на складе: 450 шт. Цена 66 ₽. Опт — по запросу.;брелок для ключей
https://sklad-shop-production.up.railway.app/product/brelok-mnogofunkcionalnyy-instrument-v-vide-ovala-240923;240923;Овальный многофункциональный брелок-инструмент;Многофункциональный брелок-инструмент — купить | СкладПромо;Овальный многофункциональный брелок-инструмент. Арт. 240923. В наличии: 97 шт. Цена 417 ₽. Опт — по запросу.;брелок для ключей
https://sklad-shop-production.up.railway.app/product/brelok-igrushka-plyushevyy-mishka-korichnevyy-s-250120;250120;Плюшевый брелок-игрушка «Мишка»;Плюшевый брелок-игрушка «Мишка» — купить | СкладПромо;Плюшевый брелок-игрушка «Мишка» коричневого цвета. Арт. 250120. В наличии: 11 шт. Цена 120 ₽. Опт — по запросу.;брелок для ключей
https://sklad-shop-production.up.railway.app/product/brelok-akrilovyy-turs-s-metal-vstavkoy-250255;250255;Акриловый брелок «Турс» с металлической вставкой;Акриловый брелок «Турс» — купить | СкладПромо;Акриловый брелок «Турс» с металлической вставкой синего цвета. Арт. 250255. В наличии: 97 шт. Цена 156 ₽. Опт — по запросу.;брелок для ключей
https://sklad-shop-production.up.railway.app/product/brelok-fonarik-oval-metall-seraya-knopka-260223;260223;Металлический брелок-фонарик «Овал»;Брелок-фонарик «Овал» — купить | СкладПромо;Металлический брелок-фонарик «Овал» с серой кнопкой. Арт. 260223. В наличии: 131 шт. Цена 366 ₽. Опт — по запросу.;брелок фонарик
https://sklad-shop-production.up.railway.app/product/brelok-fonarik-svetlyachok-belyy-plastik-prozrachnyy-260702;260702;Пластиковый брелок-фонарик «Светлячок»;Брелок-фонарик «Светлячок» — купить | СкладПромо;Пластиковый брелок-фонарик «Светлячок» с прозрачным элементом. Арт. 260702. В наличии: 402 шт. Цена 90 ₽. Опт — по запросу.;брелок фонарик
https://sklad-shop-production.up.railway.app/product/meteostanciya-prestizh-234h155h26mm-nastolnaya-nastennaya-282423;282423;Метеостанция «Престиж» настольная и настенная;Метеостанция «Престиж» настольная — купить | СкладПромо;Настольная и настенная метеостанция «Престиж» 234×155×26 мм. Арт. 282423. В наличии: 35 шт. Цена 4 485 ₽. Опт — по запросу.;метеостанция купить
https://sklad-shop-production.up.railway.app/product/meteostanciya-tablo-237h83h24mm-nastolnaya-282523;282523;Настольная метеостанция «Табло»;Метеостанция «Табло» настольная — купить | СкладПромо;Настольная метеостанция «Табло» 237×83×24 мм. Арт. 282523. В наличии: 2 шт. Цена 4 170 ₽. Опт — по запросу.;метеостанция купить
https://sklad-shop-production.up.railway.app/product/chasy-budilnik-nastolnye-flip-serebro-chernyy-282631;282631;Настольный будильник «Флип» с цветным дисплеем;Настольный будильник «Флип» — купить | СкладПромо;Настольный будильник «Флип» с цветным дисплеем в серебристо-чёрном корпусе. Арт. 282631. В наличии: 126 шт. Цена 210 ₽. Опт — по запросу.;настольные часы купить
https://sklad-shop-production.up.railway.app/product/chasy-budilnik-nastolnye-rodes-chernyy-led-282751;282751;Настольный будильник «Родес» с подсветкой, чёрный;Будильник «Родес» с подсветкой, чёрный — купить | СкладПромо;Настольный будильник «Родес» с подсветкой в чёрном корпусе. Арт. 282751. В наличии: 5 шт. Цена 477 ₽. Опт — по запросу.;настольные часы купить
https://sklad-shop-production.up.railway.app/product/chasy-budilnik-nastolnye-rodes-siniy-led-282755;282755;Настольный будильник «Родес» с подсветкой, синий;Будильник «Родес» с подсветкой, синий — купить | СкладПромо;Настольный будильник «Родес» с подсветкой в синем корпусе. Арт. 282755. В наличии: 52 шт. Цена 477 ₽. Опт — по запросу.;настольные часы купить
https://sklad-shop-production.up.railway.app/product/chasy-budilnik-dorozhnye-340223;340223;Дорожный будильник;Дорожный будильник — купить | СкладПромо;Дорожный будильник для поездок. Арт. 340223. В наличии на складе: 16 шт. Цена 69 ₽. Опт — по запросу.;дорожный будильник
https://sklad-shop-production.up.railway.app/product/chasy-budilnik-dorozhnye-serebro-metall-v-340423;340423;Дорожные часы-будильник в форме визитницы;Дорожный будильник-визитница — купить | СкладПромо;Дорожные часы-будильник в металлическом корпусе в форме визитницы. Арт. 340423. В наличии: 25 шт. Цена 753 ₽. Опт — по запросу.;дорожный будильник
https://sklad-shop-production.up.railway.app/product/chasy-mnogofunkcionalnye-dorozhnye-el-kozha-metall-340601;340601;Многофункциональные дорожные часы «Эль»;Дорожные часы «Эль» — купить | СкладПромо;Многофункциональные дорожные часы «Эль» из кожи и металла. Арт. 340601. В наличии: 40 шт. Цена 1 821 ₽. Опт — по запросу.;дорожные часы будильник
https://sklad-shop-production.up.railway.app/product/5-v-1-kalkulyator-cvetnoy-displey-431223;431223;Калькулятор 5 в 1 с цветным дисплеем;Калькулятор 5 в 1 с цветным дисплеем — купить | СкладПромо;Калькулятор 5 в 1 с цветным дисплеем в серебристом корпусе. Арт. 431223. В наличии: 15 шт. Цена 699 ₽. Опт — по запросу.;калькулятор 5 в 1
https://sklad-shop-production.up.railway.app/product/kub-dlya-bumagi-plastik-belyy-s-440105;440105;Пластиковый куб для бумаги;Куб для бумаги пластиковый — купить | СкладПромо;Пластиковый куб для бумаги белого цвета с синей полоской. Арт. 440105. В наличии: 40 шт. Цена 516 ₽. Опт — по запросу.;куб для бумаги
https://sklad-shop-production.up.railway.app/product/papka-dlya-dokumentov-avanti-sinyaya-s-450745;450745;Папка для документов «Аванти»;Папка для документов «Аванти» — купить | СкладПромо;Синяя папка для документов «Аванти» с чёрной отделкой. Арт. 450745. В наличии: 20 шт. Цена 885 ₽. Опт — по запросу.;купить папку для документов
https://sklad-shop-production.up.railway.app/product/papka-avanti-s-klipom-sinyaya-450945;450945;Папка с клипом «Аванти», синяя;Папка с клипом «Аванти» — купить | СкладПромо;Синяя папка для документов «Аванти» с клипом. Арт. 450945. В наличии: 17 шт. Цена 699 ₽. Опт — по запросу.;купить папку для документов
https://sklad-shop-production.up.railway.app/product/vizitnica-refleks-metall-matovyy-s-okoshkom-480423;480423;Металлическая визитница «Рефлекс» с окошком;Визитница «Рефлекс» с окошком — купить | СкладПромо;Матовая металлическая визитница «Рефлекс» с окошком. Арт. 480423. В наличии: 158 шт. Цена 750 ₽. Опт — по запросу.;визитница купить
https://sklad-shop-production.up.railway.app/product/vizitnica-metallicheskaya-c-riflenym-verhom-chernaya-480701;480701;Чёрная металлическая визитница с рифлёным верхом;Металлическая визитница чёрная — купить | СкладПромо;Чёрная металлическая визитница с рифлёным верхом. Арт. 480701. В наличии: 286 шт. Цена 231 ₽. Опт — по запросу.;визитница купить
https://sklad-shop-production.up.railway.app/product/vizitnica-sprint-metallicheskaya-serebro-chernaya-okantovka-480923;480923;Металлическая визитница «Спринт»;Визитница «Спринт» металлическая — купить | СкладПромо;Металлическая визитница «Спринт» серебристого цвета с чёрной окантовкой. Арт. 480923. В наличии: 89 шт. Цена 246 ₽. Опт — по запросу.;визитница купить
https://sklad-shop-production.up.railway.app/product/derzhatel-d-bumagi-vizitok-zapisok-na-490215;490215;Прозрачная подставка для бумаги, визиток и записок;Подставка для бумаги и визиток, прозрачная — купить | СкладПромо;Прозрачная пластиковая подставка для бумаги, визиток и записок. Арт. 490215. В наличии: 210 шт. Цена 174 ₽. Опт — по запросу.;подставка для бумаги и визиток
https://sklad-shop-production.up.railway.app/product/derzhatel-d-bumagi-vizitok-zapisok-na-490266;490266;Синяя подставка для бумаги, визиток и записок;Подставка для бумаги и визиток, синяя — купить | СкладПромо;Тёмно-синяя пластиковая подставка для бумаги, визиток и записок. Арт. 490266. В наличии: 5 шт. Цена 174 ₽. Опт — по запросу.;подставка для бумаги и визиток
https://sklad-shop-production.up.railway.app/product/podstavka-pod-avtoruchki-s-podsvetkoy-i-491357;491357;Подставка для ручек с подсветкой и часами;Подставка для ручек с часами — купить | СкладПромо;Пластиковая подставка для авторучек с подсветкой и часами. Арт. 491357. В наличии: 33 шт. Цена 396 ₽. Опт — по запросу.;подставки для ручек купить
https://sklad-shop-production.up.railway.app/product/tarelka-dlya-sdachi-500102;500102;Тарелка для сдачи;Тарелка для сдачи — купить | СкладПромо;Тарелка для сдачи. Арт. 500102. В наличии на складе: 73 шт. Цена 174 ₽. Опт — по запросу.;тарелка для сдачи
https://sklad-shop-production.up.railway.app/product/bedzh-s-okoshkom-zoloto-plastik-500522;500522;Золотой пластиковый бейдж с окошком;Бейдж с окошком золотой — купить | СкладПромо;Пластиковый бейдж с окошком золотого цвета. Арт. 500522. В наличии: 45 шт. Цена 210 ₽. Опт — по запросу.;бейдж с окошком
https://sklad-shop-production.up.railway.app/product/bedzh-s-okoshkom-serebro-plastik-500523;500523;Серебристый пластиковый бейдж с окошком;Бейдж с окошком серебристый — купить | СкладПромо;Пластиковый бейдж с окошком серебристого цвета. Арт. 500523. В наличии: 100 шт. Цена 201 ₽. Опт — по запросу.;бейдж с окошком
https://sklad-shop-production.up.railway.app/product/globus-nastolnyy-kamennyy-na-podstavke-zoloto-501385;501385;Каменный настольный глобус на подставке;Настольный глобус на подставке — купить | СкладПромо;Каменный настольный глобус на подставке в золотисто-синем оформлении. Арт. 501385. В наличии: 5 шт. Цена 2 496 ₽. Опт — по запросу.;глобус настольный купить
https://sklad-shop-production.up.railway.app/product/portfel-kozhanyy-klub-layn-grand-chernyy-510201;510201;Кожаный портфель «Клуб Лайн Гранд», чёрный;Кожаный портфель «Клуб Лайн Гранд» — купить | СкладПромо;Чёрный кожаный портфель «Клуб Лайн Гранд». Арт. 510201. В наличии: 3 шт. Цена 18 000 ₽. Опт — по запросу.;купить кожаный портфель
https://sklad-shop-production.up.railway.app/product/portfel-kozhanyy-klub-layn-layt-chernyy-510301;510301;Кожаный портфель «Клуб Лайн Лайт», чёрный;Кожаный портфель «Клуб Лайн Лайт» — купить | СкладПромо;Чёрный кожаный портфель «Клуб Лайн Лайт». Арт. 510301. В наличии: 4 шт. Цена 12 000 ₽. Опт — по запросу.;купить кожаный портфель
https://sklad-shop-production.up.railway.app/product/futlyar-dlya-avtoruchek-kozha-chernyy-510701;510701;Чёрный кожаный футляр для авторучек;Кожаный футляр для ручек — купить | СкладПромо;Чёрный кожаный футляр для авторучек. Арт. 510701. В наличии: 82 шт. Цена 750 ₽. Опт — по запросу.;футляр для ручек
https://sklad-shop-production.up.railway.app/product/futlyar-dlya-kreditnyh-kart-pvh-serebro-530223;530223;Футляр для кредитных карт с металлической шильдой;Футляр для кредитных карт — купить | СкладПромо;Серебристый футляр для кредитных карт из ПВХ с металлической шильдой. Арт. 530223. В наличии: 31 шт. Цена 165 ₽. Опт — по запросу.;визитница для карт купить
https://sklad-shop-production.up.railway.app/product/portfel-avanti-530301;530301;Портфель «Аванти»;Портфель «Аванти» — купить | СкладПромо;Портфель «Аванти». Арт. 530301. В наличии на складе: 9 шт. Цена 630 ₽. Опт — по запросу.;купить портфель
https://sklad-shop-production.up.railway.app/product/chehol-dlya-galstuka-chernyy-530801;530801;Чёрный чехол для галстука;Чехол для галстука чёрный — купить | СкладПромо;Чёрный чехол для галстука. Арт. 530801. В наличии: 46 шт. Цена 306 ₽. Опт — по запросу.;чехол для галстука
https://sklad-shop-production.up.railway.app/product/porfel-kongress-chernyy-siniy-530945;530945;Портфель «Конгресс», чёрный с синим;Портфель «Конгресс» — купить | СкладПромо;Портфель «Конгресс» чёрного цвета с синими элементами. Арт. 530945. В наличии: 10 шт. Цена 1 365 ₽. Опт — по запросу.;купить портфель
https://sklad-shop-production.up.railway.app/product/portfel-menedzhera-kongress-polyester-600d-chernyy-531601;531601;Портфель менеджера «Конгресс», чёрный;Портфель менеджера «Конгресс» — купить | СкладПромо;Чёрный портфель менеджера «Конгресс» из полиэстера 600D. Арт. 531601. В наличии: 90 шт. Цена 735 ₽. Опт — по запросу.;портфель менеджера
https://sklad-shop-production.up.railway.app/product/portfel-menedzhera-kongress-polyester-600d-oranzhevyy-531607;531607;Портфель менеджера «Конгресс», оранжевый;Оранжевый портфель менеджера — купить | СкладПромо;Оранжевый портфель менеджера «Конгресс» из полиэстера 600D. Арт. 531607. В наличии: 43 шт. Цена 735 ₽. Опт — по запросу.;портфель менеджера
https://sklad-shop-production.up.railway.app/product/otkryvalka-kulak-plastik-zelenyy-540104;540104;Пластиковая открывалка «Кулак», зелёная;Открывалка для бутылок «Кулак», зелёная — купить | СкладПромо;Зелёная пластиковая открывалка для бутылок «Кулак». Арт. 540104. В наличии: 200 шт. Цена 18 ₽. Опт — по запросу.;открывалка для бутылок
https://sklad-shop-production.up.railway.app/product/otkryvalka-kulak-plastik-krasnyy-540108;540108;Пластиковая открывалка «Кулак», красная;Открывалка для бутылок «Кулак», красная — купить | СкладПромо;Красная пластиковая открывалка для бутылок «Кулак». Арт. 540108. В наличии: 352 шт. Цена 18 ₽. Опт — по запросу.;открывалка для бутылок
https://sklad-shop-production.up.railway.app/product/otkryvalka-step-metall-sinyaya-vstavka-540305;540305;Металлическая открывалка «СТЭП»;Металлическая открывалка «СТЭП» — купить | СкладПромо;Металлическая открывалка для бутылок «СТЭП» с синей вставкой. Арт. 540305. В наличии: 84 шт. Цена 387 ₽. Опт — по запросу.;открывалка для бутылок
https://sklad-shop-production.up.railway.app/product/otkryvalka-per-metall-540523;540523;Металлическая открывалка «Пьер»;Открывалка для бутылок «Пьер» — купить | СкладПромо;Металлическая открывалка для бутылок «Пьер». Арт. 540523. В наличии: 48 шт. Цена 60 ₽. Опт — по запросу.;открывалка для бутылок
https://sklad-shop-production.up.railway.app/product/otkryvalka-ring-dlya-piva-napitkov-kruglaya-540602;540602;Круглая открывалка «РИНГ» для бутылок;Открывалка для бутылок «РИНГ» — купить | СкладПромо;Круглая пластиковая открывалка «РИНГ» для пива и напитков. Арт. 540602. В наличии: 108 шт. Цена 102 ₽. Опт — по запросу.;открывалка для бутылок
https://sklad-shop-production.up.railway.app/product/nabor-dlya-vina-iz-dvuh-predmetov-570231;570231;Набор для вина из 2 предметов;Набор для вина из 2 предметов — купить | СкладПромо;Набор для вина из двух предметов: штопор и пробка. Арт. 570231. В наличии: 65 шт. Цена 258 ₽. Опт — по запросу.;набор для вина купить
https://sklad-shop-production.up.railway.app/product/nabor-dlya-vina-kozhzam-korichnevyy-570721;570721;Набор для вина в коричневом футляре из кожзама;Набор для вина в футляре — купить | СкладПромо;Набор для вина в коричневом футляре из кожзама. Арт. 570721. В наличии: 35 шт. Цена 1 200 ₽. Опт — по запросу.;набор для вина купить
https://sklad-shop-production.up.railway.app/product/nabor-instrumentov-25-poz-futlyar-seryy-590103;590103;Набор инструментов, 25 предметов;Набор инструментов 25 предметов — купить | СкладПромо;Набор инструментов из 25 предметов в сером пластиковом футляре. Арт. 590103. В наличии: 20 шт. Цена 489 ₽. Опт — по запросу.;набор инструментов 25 предметов
https://sklad-shop-production.up.railway.app/product/radiopriemnik-kul-c-chasami-i-610423;610423;Радиоприёмник «Кул» с часами и USB-вентилятором;Радиоприёмник с часами «Кул» — купить | СкладПромо;Радиоприёмник «Кул» с часами и USB-вентилятором. Арт. 610423. В наличии: 11 шт. Цена 351 ₽. Опт — по запросу.;радиоприёмник с часами купить
https://sklad-shop-production.up.railway.app/product/usb-hub-na-4-porta-nastolnyy-630302;630302;Настольный USB-хаб на 4 порта;USB-хаб на 4 порта — купить | СкладПромо;Настольный USB-хаб на 4 порта в белом пластиковом корпусе. Арт. 630302. В наличии: 35 шт. Цена 351 ₽. Опт — по запросу.;USB Hub купить
https://sklad-shop-production.up.railway.app/product/usb-hub-volshebnyy-kub-s-podsvetkoy-630402;630402;USB-хаб «Волшебный куб» с подсветкой;USB-хаб «Волшебный куб» — купить | СкладПромо;USB-хаб «Волшебный куб» с подсветкой. Арт. 630402. В наличии: 64 шт. Цена 450 ₽. Опт — по запросу.;USB Hub купить
https://sklad-shop-production.up.railway.app/product/nabor-manikyurnyy-v-metallicheskom-bokse-640123;640123;Маникюрный набор в металлическом боксе;Маникюрный набор в боксе — купить | СкладПромо;Маникюрный набор в металлическом боксе. Арт. 640123. В наличии: 108 шт. Цена 246 ₽. Опт — по запросу.;маникюрный набор купить
https://sklad-shop-production.up.railway.app/product/kosmetichka-dorozhnaya-chernaya-c-serym-mnogo-640391;640391;Чёрная дорожная косметичка с отделениями;Дорожная косметичка с отделениями — купить | СкладПромо;Чёрная дорожная косметичка с серыми элементами и несколькими отделениями. Арт. 640391. В наличии: 109 шт. Цена 594 ₽. Опт — по запросу.;дорожные косметички купить
https://sklad-shop-production.up.railway.app/product/nabor-dlya-obuvi-dorozhnyy-chernyy-prozrachnyy-640801;640801;Дорожный набор для обуви;Дорожный набор для обуви — купить | СкладПромо;Дорожный набор для обуви в чёрно-прозрачной ПЭ-упаковке. Арт. 640801. В наличии: 27 шт. Цена 105 ₽. Опт — по запросу.;дорожный набор для обуви
https://sklad-shop-production.up.railway.app/product/kruzhka-termos-tvin-dizayn-v-nabore-660223;660223;Набор термокружек «Твин Дизайн», 2 шт.;Набор термокружек «Твин Дизайн» — купить | СкладПромо;Набор термокружек «Твин Дизайн»: 2 штуки на стойке. Арт. 660223. В наличии: 5 шт. Цена 561 ₽. Опт — по запросу.;термокружка купить
https://sklad-shop-production.up.railway.app/product/sumka-holodilnik-neylon-70d-700105;700105;Сумка-холодильник из нейлона 70D;Сумка-холодильник из нейлона — купить | СкладПромо;Сумка-холодильник из нейлона 70D. Арт. 700105. В наличии: 12 шт. Цена 630 ₽. Опт — по запросу.;сумка холодильник купить
https://sklad-shop-production.up.railway.app/product/konfety-podarochnye-v-steklyannoy-banke-s-720613;720613;Подарочные конфеты в стеклянной банке;Подарочные конфеты в банке — купить | СкладПромо;Подарочные конфеты в стеклянной банке с деревянной крышкой. Арт. 720613. В наличии: 94 шт. Цена 210 ₽. Опт — по запросу.;подарочные конфеты
https://sklad-shop-production.up.railway.app/product/skrebok-avtomobilnyy-v-rukavice-seryy-721103;721103;Автомобильный скребок в рукавице;Автомобильный скребок в рукавице — купить | СкладПромо;Серый автомобильный скребок в рукавице. Арт. 721103. В наличии: 117 шт. Цена 165 ₽. Опт — по запросу.;автомобильный скребок
https://sklad-shop-production.up.railway.app/product/naduvnaya-podushka-pod-golovu-dlya-puteshestviy-800205;800205;Надувная дорожная подушка под голову;Надувная дорожная подушка — купить | СкладПромо;Синяя надувная подушка под голову для путешествий. Арт. 800205. В наличии: 102 шт. Цена 123 ₽. Опт — по запросу.;подушка дорожная купить
https://sklad-shop-production.up.railway.app/product/zerkalo-dorozhnoe-karmannoe-plastik-chernyy-800301;800301;Чёрное карманное дорожное зеркало;Карманное зеркало чёрное — купить | СкладПромо;Чёрное карманное дорожное зеркало из пластика. Арт. 800301. В наличии: 75 шт. Цена 57 ₽. Опт — по запросу.;зеркало карманное купить
https://sklad-shop-production.up.railway.app/product/zerkalo-dorozhnoe-karmannoe-plastik-belyy-led-800452;800452;Белое карманное дорожное зеркало;Карманное зеркало белое — купить | СкладПромо;Белое карманное дорожное зеркало из пластика. Арт. 800452. В наличии: 198 шт. Цена 54 ₽. Опт — по запросу.;зеркало карманное купить
https://sklad-shop-production.up.railway.app/product/zerkalo-dorozhnoe-karmannoe-plastik-siniy-led-800455;800455;Синее карманное дорожное зеркало;Карманное зеркало синее — купить | СкладПромо;Синее карманное дорожное зеркало из пластика. Арт. 800455. В наличии: 340 шт. Цена 54 ₽. Опт — по запросу.;зеркало карманное купить
https://sklad-shop-production.up.railway.app/product/platok-sheynyy-korporativnyy-sankt-peterburg-krep-880216;880216;Корпоративный шейный платок «Санкт-Петербург»;Шейный платок «Санкт-Петербург» — купить | СкладПромо;Корпоративный шейный платок «Санкт-Петербург» из крепдешина. Арт. 880216. В наличии: 30 шт. Цена 2 634 ₽. Опт — по запросу.;купить шейный платок
https://sklad-shop-production.up.railway.app/product/igrushka-karmannaya-svinyushka-v-upakovke-metallicheskaya-890225;890225;Карманная игрушка «Свинюшка» в металлической коробке;Карманная игрушка «Свинюшка» — купить | СкладПромо;Карманная игрушка «Свинюшка» в упаковке из металлической коробки. Арт. 890225. В наличии: 95 шт. Цена 201 ₽. Опт — по запросу.;карманная игрушка
https://sklad-shop-production.up.railway.app/product/zont-trost-ruchka-pe-alyuminievyy-sterzhen-900705;900705;Синий зонт-трость с алюминиевым стержнем;Синий зонт-трость — купить | СкладПромо;Синий зонт-трость с ручкой ПЭ и алюминиевым стержнем. Арт. 900705. В наличии: 15 шт. Цена 717 ₽. Опт — по запросу.;купить зонт трость
https://sklad-shop-production.up.railway.app/product/binokl-opera-skladnoy-serebro-s-chernym-940631;940631;Складной театральный бинокль «Опера»;Театральный бинокль «Опера» — купить | СкладПромо;Складной театральный бинокль «Опера» серебристо-чёрного цвета. Арт. 940631. В наличии: 84 шт. Цена 210 ₽. Опт — по запросу.;театральный бинокль купить
